<?xml version="1.0" encoding="UTF-8"?><?xml-stylesheet type='text/xsl' href='_UpgradeReport_Files/UpgradeReport.xslt'?><UpgradeLog>
<Properties><Property Name="Solution" Value="1500_Reporting_Services_RDLs">
</Property><Property Name="Solution File" Value="\\Usrc_fileserver\sql_server\Client_USMR\Reports\SSIS\1500_Reporting_Services\1500_Reporting_Services_RDLs\1500_Reporting_Services_RDLs.sln">
</Property><Property Name="Date" Value="Monday, November 24, 2008">
</Property><Property Name="Time" Value="8:34 AM">
</Property></Properties><Event ErrorLevel="0" Project="" Source="1500_Reporting_Services_RDLs.sln" Description="Solution converted successfully">
</Event><Event ErrorLevel="3" Project="" Source="1500_Reporting_Services_RDLs.sln" Description="Converted">
</Event></UpgradeLog>